{
	"pages": [ //pages数组中第一项表示应用启动页，参考：https://uniapp.dcloud.io/collocation/pages
		{
			"path": "pages/index/index",
			"style": {
				"navigationBarTitleText": "uni-app"
			}
		},
		{
			"path": "pages/index/audio",
			"style": {
				"navigationBarTitleText": "uni-app"
			}
		}
	],
	"globalStyle": {
		"navigationBarTextStyle": "black",
		"navigationBarTitleText": "uni-app",
		"navigationBarBackgroundColor": "#F8F8F8",
		"backgroundColor": "#F8F8F8",
		"usingComponents": {
			//这里为方便，全局引入了所有组件，也可以在某个page下单独引用某个组件
			"van-action-sheet": "@vant/weapp/action-sheet",
			"van-area": "@vant/weapp/area",
			// "van-badge": "@vant/weapp/badge",
			// "van-badge-group": "@vant/weapp/badge-group",
			"van-button": "@vant/weapp/button",
			"van-card": "@vant/weapp/card",
			"van-cell": "@vant/weapp/cell",
			"van-cell-group": "@vant/weapp/cell-group",
			"van-checkbox": "@vant/weapp/checkbox",
			"van-checkbox-group": "@vant/weapp/checkbox-group",
			"van-col": "@vant/weapp/col",
			"van-dialog": "@vant/weapp/dialog",
			"van-field": "@vant/weapp/field",
			"van-goods-action": "@vant/weapp/goods-action",
			"van-goods-action-icon": "@vant/weapp/goods-action-icon",
			"van-goods-action-button": "@vant/weapp/goods-action-button",
			"van-icon": "@vant/weapp/icon",
			"van-loading": "@vant/weapp/loading",
			"van-nav-bar": "@vant/weapp/nav-bar",
			"van-notice-bar": "@vant/weapp/notice-bar",
			"van-notify": "@vant/weapp/notify",
			"van-panel": "@vant/weapp/panel",
			"van-popup": "@vant/weapp/popup",
			"van-progress": "@vant/weapp/progress",
			"van-radio": "@vant/weapp/radio",
			"van-radio-group": "@vant/weapp/radio-group",
			"van-row": "@vant/weapp/row",
			"van-search": "@vant/weapp/search",
			"van-slider": "@vant/weapp/slider",
			"van-stepper": "@vant/weapp/stepper",
			"van-steps": "@vant/weapp/steps",
			"van-submit-bar": "@vant/weapp/submit-bar",
			"van-swipe-cell": "@vant/weapp/swipe-cell",
			"van-switch": "@vant/weapp/switch",
			// "van-switch-cell": "@vant/weapp/switch-cell",
			"van-tab": "@vant/weapp/tab",
			"van-tabs": "@vant/weapp/tabs",
			"van-tabbar": "@vant/weapp/tabbar",
			"van-tabbar-item": "@vant/weapp/tabbar-item",
			"van-tag": "@vant/weapp/tag",
			"van-toast": "@vant/weapp/toast",
			"van-transition": "@vant/weapp/transition",
			"van-tree-select": "@vant/weapp/tree-select",
			"van-datetime-picker": "@vant/weapp/datetime-picker",
			"van-rate": "@vant/weapp/rate",
			"van-collapse": "@vant/weapp/collapse",
			"van-collapse-item": "@vant/weapp/collapse-item",
			"van-picker": "@vant/weapp/picker",
			"van-uploader":"@vant/weapp/uploader"
		}
	},
	"uniIdRouter": {}
}
